dataset,rows,normal_rows,activity_rows,substation_count,activity_substation_count,target_overlap_rows,target_overlap_rate,normal_collision_rows,coverage_min,coverage_median,compact13_any_missing_rate,compact13_cell_missing_rate,window_policies
activity_pre_1d,82,35,47,27,19,2,0.0425531914893617,0,0.9652777777777778,1.0,0.6153846153846154,0.3339587242026266,activity_pre_1d
activity_pre_1d_strict_no_overlap,80,35,45,27,19,0,0.0,0,0.9652777777777778,1.0,0.6153846153846154,0.3278846153846154,activity_pre_1d
activity_post_1d,81,35,46,27,19,4,0.08695652173913043,0,0.9930555555555556,1.0,0.6153846153846154,0.32288698955365625,activity_post_1d
activity_post_1d_strict_no_overlap,77,35,42,27,19,0,0.0,0,1.0,1.0,0.6153846153846154,0.3106893106893107,activity_post_1d
activity_no_overlap,81,35,46,27,19,0,0.0,0,0.9950396825396826,1.0,0.3076923076923077,0.09781576448243114,activity_post_7d|activity_pre_7d
