fault_group,rows,fault_label_count,efd_possible_true,mean_monitoring_potential,median_monitoring_potential,event_ids,frequency_norm,monitoring_norm,group_weight
control_controller,12,2,9,3.9166666666666665,4.0,3|6|23|32|36|37|44|49|52|60|62|63,1.0,1.0,1.0
leakage_water_loss,5,3,5,1.9,2.0,10|20|40|45|65,0.4166666666666667,0.4851063829787234,0.44404255319148933
pressure_regulator,4,2,4,3.1500000000000004,3.1500000000000004,7|38|57|64,0.3333333333333333,0.8042553191489363,0.5217021276595746
pump_failure,5,2,5,3.78,3.8,5|13|15|24|47,0.4166666666666667,0.9651063829787234,0.6360425531914894
unknown_review,2,1,2,,,34|69,0.16666666666666666,0.0,0.09999999999999999
valve_actuator,5,4,4,3.2399999999999998,3.4,1|11|29|53|67,0.4166666666666667,0.8272340425531914,0.5808936170212766
