evaluation_scope,feature_set,model,threshold,rows,normal_rows,pre_event_rows,balanced_accuracy,precision,recall,f1,normal_fpr,tn,fp,fn,tp,validation_level,metric_scope_note
M1_to_M2,common13,lightgbm_depth3,0.5,51,30,21,0.8071428571428572,0.8333333333333334,0.7142857142857143,0.7692307692307693,0.1,27,3,6,15,cross_manufacturer_performance,M1으로 학습하고 M2에서 평가
M2_to_M1,common13,lightgbm_depth3,0.5,61,35,26,0.7604395604395604,0.75,0.6923076923076923,0.72,0.1714285714285714,29,6,8,18,cross_manufacturer_performance,M2로 학습하고 M1에서 평가
M1_to_M2,common13,xgboost_depth3,0.4,51,30,21,0.7738095238095238,0.75,0.7142857142857143,0.7317073170731707,0.1666666666666666,25,5,6,15,cross_manufacturer_performance,M1으로 학습하고 M2에서 평가
M2_to_M1,common13,xgboost_depth3,0.4,61,35,26,0.7461538461538462,0.72,0.6923076923076923,0.7058823529411765,0.2,28,7,8,18,cross_manufacturer_performance,M2로 학습하고 M1에서 평가
M1_to_M2,common13,logistic_balanced,0.5,51,30,21,0.5571428571428572,0.4545454545454545,0.7142857142857143,0.5555555555555556,0.6,12,18,6,15,cross_manufacturer_performance,M1으로 학습하고 M2에서 평가
M2_to_M1,common13,logistic_balanced,0.5,61,35,26,0.6593406593406593,0.7058823529411765,0.4615384615384615,0.5581395348837209,0.1428571428571428,30,5,14,12,cross_manufacturer_performance,M2로 학습하고 M1에서 평가
